3,Computer Networks,5th,2010,ENGLISH,960,Andrew S. Tanenbaum,Pearson Education
4,Modern Operating Systems,4th,2014,ENGLISH,1136,Andrew S. Tanenbaum,Pearson Education
5,Fundamentals of Database Systems,7th,2013,ENGLISH,1280,Ramez Elmasri,Pearson Education
1,test,9th,2012,ENGLISH,976,Abraham Silberschatz,Juan
2,Database System Concepts,6th,2010,FRENCH,1376,Abraham Silberschatz,McGraw-Hill
101,Operating System Concepts,9th,2012,ENGLISH,976,Abraham Silberschatz,Gabriel
123,Libro de prueba,9th,2020,Español,976,Gabrel Martínez,UNA
